Link Speed,Longitude,Latitude,Altitude,Street,City,State And Zip,Country
156,-118.2583435,34.0457335,44.19999694824219,801 S Grand Ave, Los Angeles, CA 90017, USA
156,-118.25755807,34.04584221,101.59405517578125,573 W 8th St, Los Angeles, CA 90014, USA
156,-118.25754797,34.04585411,101.94317626953125,573 W 8th St, Los Angeles, CA 90014, USA
156,-118.25697171,34.0457334,164.237548828125,788 S Grand Ave, Los Angeles, CA 90017, USA
156,-118.25697332,34.04575442,173.8067626953125,788 S Grand Ave, Los Angeles, CA 90017, USA
156,-118.25686289,34.0457501,190.7664794921875,770 S Grand Ave, Los Angeles, CA 90017, USA
156,-118.2568521,34.04575421,189.9527587890625,770 S Grand Ave, Los Angeles, CA 90017, USA
156,-118.2568164,34.0457452,189.94293212890625,5144012051, Los Angeles, CA 90014, United States
173,-118.2583313,34.0457352,44.099998474121094,801 S Grand Ave, Los Angeles, CA 90017, USA
173,-118.25701139,34.04577167,181.1397705078125,788 S Grand Ave, Los Angeles, CA 90017, USA
173,-118.25689905,34.04569543,175.217529296875,788 S Grand Ave, Los Angeles, CA 90017, USA
173,-118.25688705,34.04569846,181.88922119140625,788 S Grand Ave, Los Angeles, CA 90017, USA
173,-118.25684803,34.04570592,177.24285888671875,5144012051, Los Angeles, CA 90014, United States
173,-118.25686093,34.04570558,176.53289794921875,5144012051, Los Angeles, CA 90014, United States
173,-118.25688219,34.04570366,179.4971923828125,788 S Grand Ave, Los Angeles, CA 90017, USA
173,-118.25689897,34.04571195,178.86700439453125,788 S Grand Ave, Los Angeles, CA 90017, USA
173,-118.25690985,34.04571661,178.51654052734375,788 S Grand Ave, Los Angeles, CA 90017, USA
173,-118.25693648,34.04572007,182.83984375,788 S Grand Ave, Los Angeles, CA 90017, USA
173,-118.25695931,34.04574349,182.198486328125,788 S Grand Ave, Los Angeles, CA 90017, USA
173,-118.256976,34.04575935,182.21527099609375,788 S Grand Ave, Los Angeles, CA 90017, USA
173,-118.25696932,34.0457687,184.91278076171875,788 S Grand Ave, Los Angeles, CA 90017, USA
173,-118.25696347,34.04578277,183.81787109375,788 S Grand Ave, Los Angeles, CA 90017, USA
173,-118.25693472,34.04579014,184.99237060546875,770 S Grand Ave, Los Angeles, CA 90017, USA
173,-118.25692026,34.04579002,183.77642822265625,770 S Grand Ave, Los Angeles, CA 90017, USA
173,-118.25691389,34.04578186,187.587646484375,770 S Grand Ave, Los Angeles, CA 90017, USA
173,-118.2583083,34.0457163,44.19999694824219,801 S Grand Ave, Los Angeles, CA 90017, USA
173,-118.25695264,34.04577475,184.11798095703125,770 S Grand Ave, Los Angeles, CA 90017, USA
173,-118.25696666,34.04576278,185.60321044921875,788 S Grand Ave, Los Angeles, CA 90017, USA
173,-118.25697386,34.04575261,184.00439453125,788 S Grand Ave, Los Angeles, CA 90017, USA
173,-118.25697817,34.04576283,181.90533447265625,788 S Grand Ave, Los Angeles, CA 90017, USA
173,-118.25697645,34.04577348,181.9681396484375,788 S Grand Ave, Los Angeles, CA 90017, USA
173,-118.25698797,34.04579471,181.939208984375,770 S Grand Ave, Los Angeles, CA 90017, USA
173,-118.2569861,34.04581807,182.6761474609375,770 S Grand Ave, Los Angeles, CA 90017, USA
173,-118.25698594,34.04608341,182.6707763671875,770 S Grand Ave, Los Angeles, CA 90017, USA
173,-118.25697887,34.04609062,182.0750732421875,770 S Grand Ave, Los Angeles, CA 90017, USA
173,-118.25696312,34.04609633,180.69219970703125,770 S Grand Ave, Los Angeles, CA 90017, USA
173,-118.25696303,34.04604892,180.54119873046875,770 S Grand Ave, Los Angeles, CA 90017, USA
173,-118.25695963,34.04602786,179.639892578125,770 S Grand Ave, Los Angeles, CA 90017, USA
173,-118.25698121,34.04598569,179.86700439453125,770 S Grand Ave, Los Angeles, CA 90017, USA
173,-118.25700527,34.04596582,178.863037109375,770 S Grand Ave, Los Angeles, CA 90017, USA
173,-118.25701006,34.04595658,177.78216552734375,770 S Grand Ave, Los Angeles, CA 90017, USA
173,-118.2583383,34.0457336,44.0,801 S Grand Ave, Los Angeles, CA 90017, USA
173,-118.25704172,34.04594753,169.9810791015625,770 S Grand Ave, Los Angeles, CA 90017, USA
173,-118.25705847,34.04594319,169.981201171875,770 S Grand Ave, Los Angeles, CA 90017, USA
173,-118.25707273,34.045945,168.8848876953125,770 S Grand Ave, Los Angeles, CA 90017, USA
173,-118.2570702,34.04595568,167.8116455078125,770 S Grand Ave, Los Angeles, CA 90017, USA
173,-118.25707042,34.04593521,168.129638671875,770 S Grand Ave, Los Angeles, CA 90017, USA
173,-118.25708577,34.04592185,167.64471435546875,770 S Grand Ave, Los Angeles, CA 90017, USA
173,-118.25709814,34.04591144,167.56689453125,770 S Grand Ave, Los Angeles, CA 90017, USA
173,-118.25711689,34.04590147,167.96533203125,770 S Grand Ave, Los Angeles, CA 90017, USA
173,-118.25713485,34.0459065,166.78759765625,770 S Grand Ave, Los Angeles, CA 90017, USA
173,-118.25715895,34.04590366,167.396728515625,770 S Grand Ave, Los Angeles, CA 90017, USA
173,-118.25717504,34.04590058,167.388671875,770 S Grand Ave, Los Angeles, CA 90017, USA
173,-118.25718973,34.04590699,166.7933349609375,788 S Grand Ave, Los Angeles, CA 90017, USA
173,-118.25720885,34.04590798,166.8843994140625,788 S Grand Ave, Los Angeles, CA 90017, USA
173,-118.25717876,34.0459148,168.6273193359375,770 S Grand Ave, Los Angeles, CA 90017, USA
173,-118.25715299,34.04593069,167.8988037109375,770 S Grand Ave, Los Angeles, CA 90017, USA
173,-118.25713502,34.04594062,167.898681640625,770 S Grand Ave, Los Angeles, CA 90017, USA
173,-118.2583072,34.0457416,44.19999694824219,801 S Grand Ave, Los Angeles, CA 90017, USA
173,-118.25700341,34.0456843,169.3599853515625,788 S Grand Ave, Los Angeles, CA 90017, USA
173,-118.2570538,34.04570049,165.78729248046875,788 S Grand Ave, Los Angeles, CA 90017, USA
173,-118.25707437,34.04570348,165.79473876953125,788 S Grand Ave, Los Angeles, CA 90017, USA
173,-118.2570725,34.04569342,166.1737060546875,788 S Grand Ave, Los Angeles, CA 90017, USA
173,-118.2570666,34.04568031,165.9171142578125,788 S Grand Ave, Los Angeles, CA 90017, USA
173,-118.25704344,34.0456939,164.55194091796875,788 S Grand Ave, Los Angeles, CA 90017, USA
173,-118.25702103,34.04569184,164.960693359375,788 S Grand Ave, Los Angeles, CA 90017, USA
173,-118.25700214,34.04568637,164.96490478515625,788 S Grand Ave, Los Angeles, CA 90017, USA
173,-118.25696912,34.04569015,164.343994140625,788 S Grand Ave, Los Angeles, CA 90017, USA
173,-118.25684289,34.04587838,164.60247802734375,770 S Grand Ave, Los Angeles, CA 90017, USA
173,-118.256852,34.04590692,164.42840576171875,770 S Grand Ave, Los Angeles, CA 90017, USA
173,-118.25686025,34.04591514,165.63372802734375,770 S Grand Ave, Los Angeles, CA 90017, USA
173,-118.25683379,34.04593031,165.3323974609375,770 S Grand Ave, Los Angeles, CA 90017, USA
173,-118.25677285,34.04560833,164.7958984375,5144012051, Los Angeles, CA 90014, United States
173,-118.25687047,34.04564537,166.3013916015625,8th / Olive, Los Angeles, CA 90014, USA
173,-118.25690416,34.04565396,165.372314453125,788 S Grand Ave, Los Angeles, CA 90017, USA
173,-118.25692582,34.04564689,165.307861328125,788 S Grand Ave, Los Angeles, CA 90017, USA
173,-118.25717075,34.0457224,166.4517822265625,788 S Grand Ave, Los Angeles, CA 90017, USA
173,-118.2583078,34.0457435,44.19999694824219,801 S Grand Ave, Los Angeles, CA 90017, USA
173,-118.25717768,34.04574391,165.45831298828125,788 S Grand Ave, Los Angeles, CA 90017, USA
173,-118.25722283,34.04577296,165.705810546875,788 S Grand Ave, Los Angeles, CA 90017, USA
173,-118.25729208,34.04578604,165.908203125,788 S Grand Ave, Los Angeles, CA 90017, USA
173,-118.25734591,34.04578151,165.8392333984375,788 S Grand Ave, Los Angeles, CA 90017, USA
173,-118.25738861,34.04577892,165.843994140625,788 S Grand Ave, Los Angeles, CA 90017, USA
173,-118.25745091,34.0457682,165.42755126953125,573 W 8th St, Los Angeles, CA 90014, USA
173,-118.25750017,34.04576082,165.42913818359375,573 W 8th St, Los Angeles, CA 90014, USA
173,-118.25780823,34.04587971,165.5992431640625,8th St. & Grand Ave., Los Angeles, CA 90017, USA
173,-118.25786822,34.04584834,164.8255615234375,8th St. & Grand Ave., Los Angeles, CA 90017, USA
173,-118.25790302,34.04582749,164.83563232421875,8th St. & Grand Ave., Los Angeles, CA 90017, USA
173,-118.25793897,34.04581558,164.84027099609375,800 S Grand Ave, Los Angeles, CA 90017, USA
156,-118.258338,34.0457274,44.099998474121094,801 S Grand Ave, Los Angeles, CA 90017, USA
173,-118.25830538,34.04583148,33.95904541015625,801 S Grand Ave, Los Angeles, CA 90017, USA
156,-118.2580387,34.0456902,0.0,800 S Grand Ave, Los Angeles, CA 90017, USA
156,-118.25827174,34.04579706,38.620849609375,801 S Grand Ave, Los Angeles, CA 90017, USA
156,-118.25824524,34.0458222,41.3885498046875,801 S Grand Ave, Los Angeles, CA 90017, USA
156,-118.25822903,34.0458262,43.211181640625,801 S Grand Ave, Los Angeles, CA 90017, USA
156,-118.25823262,34.04581722,44.1346435546875,801 S Grand Ave, Los Angeles, CA 90017, USA
156,-118.25824528,34.04580167,42.27447509765625,801 S Grand Ave, Los Angeles, CA 90017, USA
156,-118.25824836,34.04578646,44.83673095703125,801 S Grand Ave, Los Angeles, CA 90017, USA
156,-118.25824395,34.04577655,47.8887939453125,801 S Grand Ave, Los Angeles, CA 90017, USA
156,-118.2580277,34.0457577,0.0,800 S Grand Ave, Los Angeles, CA 90017, USA
156,-118.25825202,34.04578506,48.4669189453125,801 S Grand Ave, Los Angeles, CA 90017, USA
156,-118.2582611,34.04579267,47.8026123046875,801 S Grand Ave, Los Angeles, CA 90017, USA
156,-118.25827012,34.0458029,47.58709716796875,801 S Grand Ave, Los Angeles, CA 90017, USA
156,-118.25827612,34.04581219,47.303466796875,801 S Grand Ave, Los Angeles, CA 90017, USA
156,-118.25828194,34.04582007,47.867919921875,801 S Grand Ave, Los Angeles, CA 90017, USA
156,-118.25828719,34.04582839,47.058837890625,801 S Grand Ave, Los Angeles, CA 90017, USA
156,-118.25829046,34.04584081,48.1568603515625,801 S Grand Ave, Los Angeles, CA 90017, USA
156,-118.25829589,34.04586376,48.78643798828125,801 S Grand Ave, Los Angeles, CA 90017, USA
156,-118.25829773,34.04587369,50.52374267578125,801 S Grand Ave, Los Angeles, CA 90017, USA
156,-118.25829628,34.04589008,50.29608154296875,801 S Grand Ave, Los Angeles, CA 90017, USA
156,-118.25829059,34.04591397,51.4735107421875,801 S Grand Ave, Los Angeles, CA 90017, USA
156,-118.25828781,34.04593056,51.693603515625,801 S Grand Ave, Los Angeles, CA 90017, USA
156,-118.25828876,34.04594311,51.33404541015625,801 S Grand Ave, Los Angeles, CA 90017, USA
156,-118.25828782,34.04595654,51.0711669921875,801 S Grand Ave, Los Angeles, CA 90017, USA
156,-118.2580648,34.0457408,0.0,800 S Grand Ave, Los Angeles, CA 90017, USA
156,-118.2582896,34.04596646,51.29840087890625,801 S Grand Ave, Los Angeles, CA 90017, USA
156,-118.25830447,34.04597683,51.14849853515625,801 S Grand Ave, Los Angeles, CA 90017, USA
156,-118.25831541,34.04598487,50.54962158203125,801 S Grand Ave, Los Angeles, CA 90017, USA
156,-118.25831873,34.04599588,51.23797607421875,801 S Grand Ave, Los Angeles, CA 90017, USA
156,-118.25832041,34.04595987,50.90069580078125,801 S Grand Ave, Los Angeles, CA 90017, USA
156,-118.25831747,34.04597305,50.2564697265625,801 S Grand Ave, Los Angeles, CA 90017, USA
156,-118.25830381,34.04597783,51.36968994140625,801 S Grand Ave, Los Angeles, CA 90017, USA
78,-118.25829534,34.04596459,50.70098876953125,801 S Grand Ave, Los Angeles, CA 90017, USA
78,-118.25829122,34.0459411,48.85125732421875,801 S Grand Ave, Los Angeles, CA 90017, USA
104,-118.25828526,34.0459269,49.048583984375,801 S Grand Ave, Los Angeles, CA 90017, USA
104,-118.25827836,34.04591878,47.88128662109375,801 S Grand Ave, Los Angeles, CA 90017, USA
104,-118.25827476,34.04589554,46.6597900390625,801 S Grand Ave, Los Angeles, CA 90017, USA
104,-118.25827495,34.0458823,46.73944091796875,801 S Grand Ave, Los Angeles, CA 90017, USA
104,-118.25826726,34.04587198,46.7552490234375,801 S Grand Ave, Los Angeles, CA 90017, USA
104,-118.25826236,34.04585416,47.90045166015625,801 S Grand Ave, Los Angeles, CA 90017, USA
115,-118.25825871,34.04583641,48.65447998046875,801 S Grand Ave, Los Angeles, CA 90017, USA
104,-118.2579521,34.0456723,0.0,800 S Grand Ave, Los Angeles, CA 90017, USA
104,-118.25826256,34.04582723,48.279541015625,801 S Grand Ave, Los Angeles, CA 90017, USA
104,-118.25826479,34.04581699,46.67010498046875,801 S Grand Ave, Los Angeles, CA 90017, USA
104,-118.25826309,34.04580137,46.43060302734375,801 S Grand Ave, Los Angeles, CA 90017, USA
104,-118.25826329,34.04578901,45.83221435546875,801 S Grand Ave, Los Angeles, CA 90017, USA
104,-118.25826109,34.0457753,46.4747314453125,801 S Grand Ave, Los Angeles, CA 90017, USA
104,-118.25826101,34.04576079,47.0626220703125,801 S Grand Ave, Los Angeles, CA 90017, USA
104,-118.25826166,34.04575021,47.723388671875,801 S Grand Ave, Los Angeles, CA 90017, USA
104,-118.25828754,34.04574263,48.04705810546875,801 S Grand Ave, Los Angeles, CA 90017, USA
104,-118.25815411,34.04574353,52.816162109375,801 S Grand Ave, Los Angeles, CA 90017, USA
104,-118.25808355,34.04579493,54.53289794921875,801 S Grand Ave, Los Angeles, CA 90017, USA
104,-118.25807413,34.04578991,54.6939697265625,801 S Grand Ave, Los Angeles, CA 90017, USA
104,-118.258336,34.0457216,44.19999694824219,801 S Grand Ave, Los Angeles, CA 90017, USA
104,-118.25814634,34.04578527,52.4405517578125,801 S Grand Ave, Los Angeles, CA 90017, USA
104,-118.25812926,34.04577222,52.476806640625,801 S Grand Ave, Los Angeles, CA 90017, USA
104,-118.25811089,34.04576502,52.90313720703125,801 S Grand Ave, Los Angeles, CA 90017, USA
104,-118.25811466,34.04575183,52.4854736328125,801 S Grand Ave, Los Angeles, CA 90017, USA
104,-118.25809804,34.04574742,52.878662109375,801 S Grand Ave, Los Angeles, CA 90017, USA
57,-118.25807296,34.04574235,50.1373291015625,800 S Grand Ave, Los Angeles, CA 90017, USA
57,-118.25805906,34.0457435,50.2939453125,800 S Grand Ave, Los Angeles, CA 90017, USA
52,-118.25804818,34.0457343,50.91253662109375,800 S Grand Ave, Los Angeles, CA 90017, USA
52,-118.25803621,34.04573133,51.7353515625,800 S Grand Ave, Los Angeles, CA 90017, USA
52,-118.2583416,34.0457084,44.19999694824219,801 S Grand Ave, Los Angeles, CA 90017, USA
52,-118.2580888,34.04574122,51.34844970703125,800 S Grand Ave, Los Angeles, CA 90017, USA
57,-118.25807656,34.04573689,51.92352294921875,800 S Grand Ave, Los Angeles, CA 90017, USA
57,-118.25808775,34.04574513,52.0919189453125,800 S Grand Ave, Los Angeles, CA 90017, USA
52,-118.2583364,34.0457366,44.099998474121094,801 S Grand Ave, Los Angeles, CA 90017, USA
52,-118.25811652,34.04574902,51.5799560546875,801 S Grand Ave, Los Angeles, CA 90017, USA